{"cameraMode":{"drawMode":0,"name":"Shaded","section":"Shading Mode"},"sceneLighting":false,"audioPlay":false,"sceneViewState":{"showFog":false,"showMaterialUpdate":false,"showSkybox":false,"showFlares":false,"showImageEffects":false,"showParticleSystems":false,"showVisualEffectGraphs":true,"m_FxEnabled":false},"in2DMode":false,"pivot":{"x":0.08435270935297013,"y":0.13586658239364625,"z":-0.2228410691022873},"rotation":{"x":-0.05636725202202797,"y":0.3836289346218109,"z":-0.022959746420383455,"w":-0.9215117692947388},"size":0.8660253882408142,"orthographic":false}