{"cameraMode":{"drawMode":0,"name":"Shaded","section":"Shading Mode"},"sceneLighting":false,"audioPlay":false,"sceneViewState":{"showFog":true,"showMaterialUpdate":true,"showSkybox":false,"showFlares":true,"showImageEffects":true,"showParticleSystems":true},"in2DMode":false,"pivot":{"x":3.0999999046325685,"y":11.699999809265137,"z":-97.14999389648438},"rotation":{"x":0.18447673320770265,"y":-0.5383535623550415,"z":0.12186063081026077,"w":0.8134015202522278},"size":6.4786176681518559,"orthographic":false}