{"cameraMode":{"drawMode":0,"name":"Shaded","section":"Shading Mode"},"sceneLighting":false,"audioPlay":false,"sceneViewState":{"showFog":true,"showMaterialUpdate":true,"showSkybox":false,"showFlares":true,"showImageEffects":true,"showParticleSystems":true},"in2DMode":false,"pivot":{"x":-7.300000190734863,"y":17.899999618530275,"z":-5.800000190734863},"rotation":{"x":0.2334294319152832,"y":-0.3979018032550812,"z":0.1052379384636879,"w":0.8811520338058472},"size":2.791297435760498,"orthographic":false}