{"cameraMode":{"drawMode":0,"name":"Shaded","section":"Shading Mode"},"sceneLighting":false,"audioPlay":false,"sceneViewState":{"showFog":false,"showMaterialUpdate":false,"showSkybox":false,"showFlares":false,"showImageEffects":false,"showParticleSystems":false},"in2DMode":false,"pivot":{"x":34.197940826416019,"y":8.262314796447754,"z":-9.202797889709473},"rotation":{"x":0.0001684517046669498,"y":-0.7651857733726502,"z":-0.0009306352003477514,"w":0.6440715193748474},"size":0.36898332834243777,"orthographic":false}