{"cameraMode":{"drawMode":0,"name":"Shaded","section":"Shading Mode"},"sceneLighting":false,"audioPlay":false,"sceneViewState":{"showFog":true,"showMaterialUpdate":true,"showSkybox":false,"showFlares":true,"showImageEffects":true,"showParticleSystems":true},"in2DMode":false,"pivot":{"x":-0.05000019073486328,"y":0.30000001192092898,"z":-0.14999961853027345},"rotation":{"x":0.2027013897895813,"y":-0.4493512809276581,"z":0.10525615513324738,"w":0.8638486266136169},"size":18.032331466674806,"orthographic":false}