{"cameraMode":{"drawMode":0,"name":"Shaded","section":"Shading Mode"},"sceneLighting":false,"audioPlay":false,"sceneViewState":{"showFog":true,"showMaterialUpdate":true,"showSkybox":true,"showFlares":true,"showImageEffects":true,"showParticleSystems":true},"in2DMode":false,"pivot":{"x":-34.640316009521487,"y":7.513836860656738,"z":0.20859800279140473},"rotation":{"x":0.034182075411081317,"y":-0.7136332392692566,"z":0.034939952194690707,"w":0.6988371014595032},"size":17.80888557434082,"orthographic":false}