{"cameraMode":{"drawMode":0,"name":"Shaded","section":"Shading Mode"},"sceneLighting":false,"audioPlay":false,"sceneViewState":{"showFog":true,"showMaterialUpdate":true,"showSkybox":false,"showFlares":true,"showImageEffects":true,"showParticleSystems":true},"in2DMode":false,"pivot":{"x":-3.75,"y":0.30000001192092898,"z":-3.5999999046325685},"rotation":{"x":0.2027013897895813,"y":-0.4493512809276581,"z":0.10525615513324738,"w":0.8638486266136169},"size":2.000624895095825,"orthographic":false}