{"cameraMode":{"drawMode":0,"name":"Shaded","section":"Shading Mode"},"sceneLighting":false,"audioPlay":false,"sceneViewState":{"showFog":true,"showMaterialUpdate":true,"showSkybox":false,"showFlares":true,"showImageEffects":true,"showParticleSystems":true},"in2DMode":false,"pivot":{"x":13.799328804016114,"y":18.208518981933595,"z":-10.17233657836914},"rotation":{"x":0.27038177847862246,"y":-0.4259722828865051,"z":0.13486456871032716,"w":0.8529777526855469},"size":1.0563716888427735,"orthographic":false}