{"cameraMode":{"drawMode":0,"name":"Shaded","section":"Shading Mode"},"sceneLighting":false,"audioPlay":false,"sceneViewState":{"showFog":true,"showMaterialUpdate":true,"showSkybox":false,"showFlares":true,"showImageEffects":true,"showParticleSystems":true},"in2DMode":false,"pivot":{"x":3.6999998092651369,"y":14.899999618530274,"z":11.100000381469727},"rotation":{"x":0.2185201793909073,"y":-0.41397640109062197,"z":0.10287399590015412,"w":0.8778429627418518},"size":8.91179084777832,"orthographic":false}