{"cameraMode":{"drawMode":0,"name":"Shaded","section":"Shading Mode"},"sceneLighting":false,"audioPlay":false,"sceneViewState":{"showFog":true,"showMaterialUpdate":true,"showSkybox":false,"showFlares":true,"showImageEffects":true,"showParticleSystems":true},"in2DMode":false,"pivot":{"x":48.249000549316409,"y":10.229999542236329,"z":13.39799976348877},"rotation":{"x":0.07812521606683731,"y":0.5074294209480286,"z":-0.046223655343055728,"w":0.8569245338439941},"size":0.08660232275724411,"orthographic":false}