{"cameraMode":{"drawMode":0,"name":"Shaded","section":"Shading Mode"},"sceneLighting":false,"audioPlay":false,"sceneViewState":{"showFog":true,"showMaterialUpdate":true,"showSkybox":false,"showFlares":true,"showImageEffects":true,"showParticleSystems":true},"in2DMode":false,"pivot":{"x":-38.099998474121097,"y":18.700000762939454,"z":0.25},"rotation":{"x":0.18447673320770265,"y":-0.5383535623550415,"z":0.12186063081026077,"w":0.8134015202522278},"size":6.478618621826172,"orthographic":false}