{"cameraMode":{"drawMode":0,"name":"Shaded","section":"Shading Mode"},"sceneLighting":false,"audioPlay":false,"sceneViewState":{"showFog":true,"showMaterialUpdate":true,"showSkybox":false,"showFlares":true,"showImageEffects":true,"showParticleSystems":true},"in2DMode":false,"pivot":{"x":13.778975486755371,"y":14.855640411376954,"z":-9.186636924743653},"rotation":{"x":0.2334294319152832,"y":-0.3979018032550812,"z":0.1052379384636879,"w":0.8811520338058472},"size":4.056370735168457,"orthographic":false}