{"cameraMode":{"drawMode":0,"name":"Shaded","section":"Shading Mode"},"sceneLighting":false,"audioPlay":false,"sceneViewState":{"showFog":true,"showMaterialUpdate":true,"showSkybox":false,"showFlares":true,"showImageEffects":true,"showParticleSystems":true},"in2DMode":false,"pivot":{"x":-1.6304244995117188,"y":15.568668365478516,"z":10.974981307983399},"rotation":{"x":0.2185201793909073,"y":-0.41397640109062197,"z":0.10287399590015412,"w":0.8778429627418518},"size":4.656371116638184,"orthographic":false}