{"cameraMode":{"drawMode":0,"name":"Shaded","section":"Shading Mode"},"sceneLighting":false,"audioPlay":false,"sceneViewState":{"showFog":true,"showMaterialUpdate":true,"showSkybox":true,"showFlares":true,"showImageEffects":true,"showParticleSystems":true},"in2DMode":false,"pivot":{"x":100.2018814086914,"y":11.012680053710938,"z":-30.290555953979493},"rotation":{"x":-0.07889385521411896,"y":-0.7864733338356018,"z":0.10274443030357361,"w":-0.6039752960205078},"size":80.26142883300781,"orthographic":false}