{"cameraMode":{"drawMode":0,"name":"Shaded","section":"Shading Mode"},"sceneLighting":false,"audioPlay":false,"sceneViewState":{"showFog":true,"showMaterialUpdate":true,"showSkybox":false,"showFlares":true,"showImageEffects":true,"showParticleSystems":true},"in2DMode":false,"pivot":{"x":42.840328216552737,"y":3.7420685291290285,"z":89.06118774414063},"rotation":{"x":-0.02233431302011013,"y":0.6060185432434082,"z":-0.016719048842787744,"w":-0.7951660752296448},"size":5.376654624938965,"orthographic":false}