{"cameraMode":{"drawMode":0,"name":"Shaded","section":"Shading Mode"},"sceneLighting":false,"audioPlay":false,"sceneViewState":{"showFog":true,"showMaterialUpdate":true,"showSkybox":false,"showFlares":true,"showImageEffects":true,"showParticleSystems":true},"in2DMode":false,"pivot":{"x":19.700000762939454,"y":1.8999998569488526,"z":-66.4000015258789},"rotation":{"x":0.27038177847862246,"y":-0.4259722828865051,"z":0.13486456871032716,"w":0.8529777526855469},"size":8.91179084777832,"orthographic":false}