{"cameraMode":{"drawMode":0,"name":"Shaded","section":"Shading Mode"},"sceneLighting":false,"audioPlay":false,"sceneViewState":{"showFog":true,"showMaterialUpdate":true,"showSkybox":false,"showFlares":true,"showImageEffects":true,"showParticleSystems":true},"in2DMode":false,"pivot":{"x":6.793138027191162,"y":-1.184581995010376,"z":4.114449977874756},"rotation":{"x":0.11423484981060028,"y":-0.6678411364555359,"z":0.10446377098560333,"w":0.728253185749054},"size":0.8616845011711121,"orthographic":false}